Id;Name;Vrz
59c0ce57b395b292ed620f31;CaptainJK-BSP;true
59c0d6e0b395b292ed620fc7;grogogoth-BSP;true
59c0dde4b395b292ed621055;Hophop-BSP;true
59c0e543b395b292ed6210ed;MousseLine BSP;true
59c0fec0b395b292ed6212c5;LaMerNoire BSP;true
59c101a2b395b292ed62131c;Helios BSP;true
59c1024eb395b292ed621334;Luxairfrance BSP;
59c129a0b395b292ed6216e5;McFly BSP;true
59c1492eb395b292ed6219c9;coulou 8 BSP;true
59c154bab395b292ed621af2;Marcusbelgicus-BSP;true
59c16f64b395b292ed621d2e;Tipapacheri BSP;true
59c280aab395b292ed622fa3;Charlie2010 BSP;true
59c2ada3b395b292ed623607;Buzz-l'Eclair - BSP;true
59c2d32fb395b292ed623afb;ornoirmoutier-BSP;
59c774f0b395b292ed62a0e6;viking74-BSP;true
59c9222bb395b292ed62b9b1;S'cal44-BSP;true
59cf6909b395b292ed632539;Scoub21 - BSP;true
59d0bd96b395b292ed6342ad;Valentin - BSP;
59d8b264e7821e29549176d1;zecagou BSP;true
59e3a9cce0750e372d64066e;Martinalaplage BSP;true
59e73925e0750e372d6452a2;Th1b0lt;true
59eb837ae0750e372d65049c;Pom Pom Galli BSP;true
59fc6267e0750e372d687df1;Cerise30 - BSP;true
59ff0c6eec355084ecddf087;DarK_RoM - BSP;true
5a00782f7b296eaadfc09ab5;Pier123 - BSP;true
5a0176657b296eaadfc10bdd;nicobaiona-BSP;true
5a0612f17b296eaadfc25073;juju456 - BSP;true
5a40d71b7b296eaadfc7d1b2;farwind74 - BSP;true
5a6866427b296eaadfcae83e;Siputih;true
5bb88df5517022fc09d183bc;Hammer Time_BSP;true
5bc214b5517022fc09d1c04d;Sany 39;true
5bc750f6517022fc09d1e328;Team-BSP;true
5bdeea74517022fc09d6e5b9;BSP | Vous êtes ici ——>;true
5bebd57d517022fc09e62223;L'Chinwois 62 BSP;
5d333994f6c716887c0b35f1;Rega2002;true
5d35b1f7f6c716887c0ca3db;Mickey - BSP;true
5e0223c298b1b8ca5960d463;NilsChercheUnStage;
5e8df6b8080c8cbd4514ea2e;BlackPanther BSP;true
5ecb7e188e4c1d3e55e6765c;ATL Pepitõ BSP;true
5ecf46978e4c1d3e55e79ea7;Kasihan;true
5ed8025252e859ef03ecd5d0;Ogle - BSP;
5f8c0f8f52e859ef03102b87;Cloc - BSP;true
5fa69f6ea73ee050181122cf;Kalao-BSP;true
5fa70bafa73ee050185468d1;Bro-Naoned - BSP;true
5fa7a9e8a73ee05018e83261;DPS-Berc BSP;true
5fa81586a73ee05018f06d99;Francois_FRA-1841-BSP;true
5fcceea006999515a3442835;did.mdm - BSP;true
609ee15c37e7cb7ea8820e3d;vrzen.org;true
61297f6d2a05eec971dc6e1a;TorbayDave;true
6207738a2a05eec97122595b;Speedol Star BSP;true
661bf8a210f1c184c0efcbdb;asere BSP;true
5b0e8489517022fc09cd9959;LAMA2 BSP;true
59c2706db395b292ed622d84;Takron-BSP;true
637bb729a137a543dc799543;CapKermit-BSP;
636e8f550cffcfa11049fb71;W00dy13 - BSP;true
659a817bee335bbe8cf48ad5;Marshmello - BSP;true
5fa1ba22a73ee0501862644b;Billyboy1-BSP;true
